1	Accord	1976	continued	accord.jpg
2	Amaze	2013	continued	amaze.jpg
3	Avancier	1993	continued	avancier.jpg
4	BR-V	2015	continued	brv.jpg
5	City	1981	continued	city.jpg
6	Civic	1972	continued	civic.jpg
7	Crosstour	2010	discontinued	crosstour.jpg
8	CR-X	1983	discontinued	crx.jpg
9	CR-V	1996	continued	crv.jpg
10	fit	2001	continued	fit.jpg
11	HR-V	1999	continued	hrv.jpg
12	NSX-R	1992	discontinued	nsxr.jpg
13	legend	1985	continued	legend.jpg
14	Odyssey	1995	continued	odyssey.jpg
15	Ridgeline	2006	continued	ridgeline.jpg
16	Torneo	1997	discontinued	torneo.jpg
17	FR-V	2004	discontinued	frv.jpg
18	Inspire	1989	discontinued	inspire.jpg
19	Integra	1985	discontinued	integra.jpg
20	Z	1970	discontinued	z.jpg